epoch,time_sec,train/loss,train/dice,train/iou,val/loss,val/dice,val/iou,val/precision,val/recall,val/specificity,lr
1,82.17,0.4281,0.6512,0.5362,0.4407,0.4177,0.346,0.4523,0.8359,0.9817,1.500000e-04
2,66.31,0.2607,0.77,0.667,0.5082,0.5345,0.4918,0.84,0.5796,0.9982,3.000000e-04
3,66.0,0.1923,0.7867,0.6933,0.3949,0.4439,0.3785,0.414,0.9204,0.9467,2.996799e-04
4,66.47,0.1386,0.8373,0.7535,0.5092,0.5599,0.5241,0.8462,0.594,0.9983,2.987210e-04
5,66.4,0.1289,0.8328,0.749,0.3412,0.7262,0.6678,0.7978,0.8476,0.9929,2.971274e-04
6,66.42,0.1178,0.8392,0.7633,0.3629,0.6335,0.5666,0.7325,0.8056,0.9934,2.949059e-04
7,66.55,0.1104,0.8512,0.7748,0.3924,0.6859,0.6194,0.8288,0.765,0.9954,2.920661e-04
8,66.41,0.1037,0.8598,0.785,0.3107,0.7094,0.6575,0.7182,0.9231,0.988,2.886200e-04
9,66.61,0.1049,0.86,0.7907,0.3811,0.7567,0.6944,0.8593,0.7826,0.9948,2.845825e-04
10,66.69,0.0906,0.8797,0.809,0.3398,0.6395,0.577,0.6636,0.8846,0.9862,2.799708e-04
11,66.15,0.1004,0.8566,0.784,0.389,0.7735,0.7063,0.9026,0.7747,0.9967,2.748047e-04
12,66.41,0.0954,0.8737,0.8085,0.4337,0.6826,0.6274,0.8961,0.6925,0.9975,2.691063e-04
13,66.52,0.0946,0.8704,0.8031,0.422,0.7182,0.6563,0.8814,0.7268,0.9965,2.629001e-04
14,66.2,0.0826,0.8862,0.8205,0.5331,0.6066,0.5706,0.9219,0.5912,0.9994,2.562125e-04
15,66.15,0.0794,0.9014,0.84,0.3842,0.7276,0.6705,0.8571,0.779,0.9962,2.490722e-04
16,66.46,0.081,0.9034,0.8419,0.3687,0.6468,0.583,0.756,0.8024,0.9943,2.415098e-04
17,66.3,0.081,0.9037,0.844,0.3926,0.7375,0.6788,0.8995,0.7592,0.9965,2.335577e-04
18,66.37,0.0851,0.8855,0.8261,0.3725,0.7227,0.6583,0.8297,0.8013,0.9944,2.252500e-04
19,67.2,0.0864,0.885,0.8242,0.4731,0.6669,0.6181,0.9182,0.6634,0.9979,2.166222e-04
20,66.56,0.0881,0.906,0.8472,0.3616,0.8018,0.7406,0.9062,0.8095,0.9952,2.077112e-04
21,66.49,0.0785,0.9031,0.8461,0.3914,0.7062,0.6452,0.8449,0.7719,0.9955,1.985552e-04
22,66.53,0.0745,0.9192,0.8641,0.3219,0.8177,0.7652,0.8729,0.8756,0.9947,1.891934e-04
23,66.42,0.0694,0.9187,0.8632,0.3447,0.7855,0.7283,0.8662,0.8404,0.994,1.796660e-04
24,66.61,0.0731,0.9008,0.8415,0.34,0.7603,0.7017,0.8334,0.8468,0.9947,1.700137e-04
25,66.83,0.0813,0.9053,0.8509,0.3679,0.7531,0.6956,0.849,0.8095,0.9949,1.602778e-04
26,66.51,0.0713,0.9139,0.8577,0.3889,0.7661,0.7032,0.8938,0.7788,0.9957,1.505000e-04
27,66.8,0.0653,0.927,0.8739,0.431,0.6923,0.6345,0.9016,0.7012,0.9978,1.407222e-04
28,66.34,0.0763,0.9146,0.862,0.3489,0.742,0.686,0.8341,0.8211,0.9947,1.309863e-04
29,66.29,0.0738,0.9146,0.8627,0.4093,0.6037,0.5478,0.7585,0.741,0.9959,1.213340e-04
30,67.32,0.0654,0.9104,0.8556,0.3835,0.7226,0.6599,0.8422,0.7797,0.9958,1.118066e-04
31,66.6,0.07,0.9322,0.8823,0.3876,0.7269,0.6692,0.8751,0.7676,0.9962,1.024448e-04
32,66.5,0.0682,0.9123,0.8618,0.3429,0.7567,0.7007,0.8302,0.846,0.9929,9.328883e-05
33,66.29,0.0632,0.9277,0.8787,0.3285,0.7414,0.6886,0.8044,0.8662,0.9939,8.437784e-05
34,66.73,0.0623,0.9356,0.889,0.3643,0.7248,0.6658,0.8352,0.8052,0.9956,7.575000e-05
35,66.32,0.0637,0.9305,0.8831,0.3494,0.7639,0.7069,0.8575,0.8217,0.9952,6.744225e-05
36,67.2,0.0574,0.9407,0.892,0.3575,0.6627,0.6066,0.754,0.8272,0.9943,5.949017e-05
37,66.46,0.0616,0.9344,0.8877,0.3376,0.7922,0.7386,0.8743,0.844,0.9952,5.192780e-05
