Pipeline Stage,Metric Name,Metric Value
Stage 1: Identification (YOLOv8m),mAP@50,89.55%
Stage 1: Identification (YOLOv8m),Precision,86.47%
Stage 1: Identification (YOLOv8m),Recall,84.30%
Stage 1: Identification (YOLOv8m),mAP@50-95,56.96%
Stage 2: Segmentation (U-Net),Dice Score (F1),48.41%
Stage 2: Segmentation (U-Net),IoU (Jaccard),43.93%
Stage 2: Segmentation (U-Net),Pixel Precision,76.84%
Stage 2: Segmentation (U-Net),Pixel Recall,58.12%
Stage 2: Segmentation (U-Net),Object AP@50,21.10%
Stage 3: Unsupervised Grading,Total Evaluated Glomeruli,1746
Stage 3: Unsupervised Grading,Number of Disease Classes,3
Stage 3: Unsupervised Grading,Silhouette Score,0.0465
Stage 3: Unsupervised Grading,Calinski-Harabasz Index,70.93
